dataMatrix	Ech10	Ech11	Ech12	Ech13	Ech14	Ech15
MT1	3.439956551	3.399847335	3.335401704	3.4201777	3.24585851	3.401256321
MT2	5.008458405	4.461291924	4.068043169	4.42768414	4.406640829	4.500370048
MT3	3.99527636	4.051758488	4.332552332	4.348474118	4.253679544	4.26823853
