variableMetadata	PCA_XLOAD-h1	PCA_XLOAD-h2
MT1	-0.048723936	0.05648187
MT2	-0.067609139	0.084300327
MT3	0.080335733	-0.0215397
