variableMetadata	sample_mean	qual_kruskal_fdr	qual_kruskal_sig	qual_kruskal_B.A_dif	qual_kruskal_C.A_dif	qual_kruskal_D.A_dif	qual_kruskal_C.B_dif	qual_kruskal_D.B_dif	qual_kruskal_D.C_dif	qual_kruskal_B.A_fdr	qual_kruskal_C.A_fdr	qual_kruskal_D.A_fdr	qual_kruskal_C.B_fdr	qual_kruskal_D.B_fdr	qual_kruskal_D.C_fdr	qual_kruskal_B.A_sig	qual_kruskal_C.A_sig	qual_kruskal_D.A_sig	qual_kruskal_C.B_sig	qual_kruskal_D.B_sig	qual_kruskal_D.C_sig
v1	12620948.56	0.147579228303049	0	0.0827976191000008	-0.0378359353499995	-0.254400932999999	-0.12063355445	-0.3371985521	-0.21656499765	0.999945671392641	0.99999320349658	0.185342280966466	0.997174540126794	0.401201067449129	0.580170916884995	0	0	0	0	0	0
v2	12661823.42	0.246364577097618	0	0.11547952005	-0.0981193892499999	-0.2877631538	-0.2135989093	-0.40324267385	-0.18964376455	0.999945671392641	0.99999320349658	0.291618067987092	0.997174540126794	0.401201067449129	0.890397531402986	0	0	0	0	0	0
v3	7680621.526	0.293234285978368	0	-0.0292777863999998	-0.0806444136	-0.0392186484999995	-0.0513666272000002	-0.00994086209999967	0.0414257651000005	0.999945671392641	0.99999320349658	0.593281055056761	0.997174540126794	0.593281055056761	0.999155846185138	0	0	0	0	0	0
v4	9901182.687	0.000819466212247517	1	-0.32058095905	0.00523271645000012	-0.1517188027	0.3258136755	0.16886215635	-0.15695151915	0.0133536911280914	0.99999320349658	0.185342280966466	0.00430289478770107	0.593281055056761	0.143731083414931	1	0	0	1	0	0
v5	8311866.237	0.0115079177714078	1	-0.0839349800499996	-0.00516703969999988	-0.203697253750001	0.0787679403499997	-0.119762273700001	-0.198530214050001	0.999945671392641	0.99999320349658	0.0336157236420893	0.997174540126794	0.401201067449129	0.073221827596323	0	0	1	0	0	0
v6	9792909.819	0.00429379409695042	1	-0.0988296785000005	-0.0710347295000009	-0.124705894050001	0.0277949489999996	-0.0258762155500003	-0.0536711645499999	0.535700151485478	0.99999320349658	0.00294595180681068	0.997174540126794	0.401201067449129	0.302648332248575	0	0	1	0	0	0
